City_ID,City,Lat,Lng,Max Temp,Humidity,Cloudiness,Wind Speed,Country,Date
0,Rikitea,-23.1203,-134.9692,72.3,66,98,12.68,PF,2022-11-19 02:52:54
1,Hilo,19.7297,-155.09,79.25,94,22,4.88,US,2022-11-19 02:53:52
2,Kapaa,22.0752,-159.319,79.12,79,32,4.0,US,2022-11-19 02:53:52
3,Castro,-24.7911,-50.0119,51.3,92,0,6.17,BR,2022-11-19 02:53:53
4,Comodoro Rivadavia,-45.8667,-67.5,67.86,26,0,20.71,AR,2022-11-19 02:53:53
5,Bengkulu,-3.8004,102.2655,81.57,73,100,9.69,ID,2022-11-19 02:49:21
6,Mataura,-46.1927,168.8643,65.66,61,31,11.16,NZ,2022-11-19 02:53:53
7,Hualmay,-11.0964,-77.6139,63.84,83,98,10.16,PE,2022-11-19 02:53:54
8,Vila Velha,-20.3297,-40.2925,70.95,78,0,9.22,BR,2022-11-19 02:53:54
9,Ponta Delgada,37.7333,-25.6667,61.52,63,75,5.75,PT,2022-11-19 02:53:54
10,Severo-Kurilsk,50.6789,156.125,33.55,70,76,17.54,RU,2022-11-19 02:53:55
11,Punta Arenas,-53.15,-70.9167,53.71,43,40,6.91,CL,2022-11-19 02:49:20
12,Borjomi,41.8527,43.4128,44.17,72,44,5.68,GE,2022-11-19 02:53:55
13,Tooele,40.5308,-112.2983,29.12,63,3,5.88,US,2022-11-19 02:51:56
14,Ushuaia,-54.8,-68.3,58.66,33,20,20.71,AR,2022-11-19 02:50:56
15,Husavik,66.0449,-17.3389,39.06,93,93,9.22,IS,2022-11-19 02:53:55
16,Avarua,-21.2078,-159.775,78.85,65,20,9.22,CK,2022-11-19 02:53:56
17,Georgetown,5.4112,100.3354,85.93,83,20,8.05,MY,2022-11-19 02:53:44
18,Karratha,-20.7377,116.8463,84.74,24,97,4.16,AU,2022-11-19 02:53:56
19,Hithadhoo,-0.6,73.0833,81.23,75,78,12.15,MV,2022-11-19 02:53:57
20,Tura,25.5198,90.2201,71.29,59,17,2.01,IN,2022-11-19 02:53:58
21,Lasa,46.6166,10.7002,37.02,74,78,3.71,IT,2022-11-19 02:53:58
22,Sapele,5.8941,5.6767,75.74,89,54,2.46,NG,2022-11-19 02:53:58
23,Busselton,-33.65,115.3333,64.33,49,72,15.79,AU,2022-11-19 02:53:59
24,Mahebourg,-20.4081,57.7,73.26,88,20,5.75,MU,2022-11-19 02:53:59
25,Kortkeros,61.8106,51.5806,8.6,98,51,1.95,RU,2022-11-19 02:53:59
26,Turukhansk,65.8167,87.9833,7.12,94,100,19.01,RU,2022-11-19 02:54:00
27,Victoria,22.2855,114.1577,83.97,72,48,4.0,HK,2022-11-19 02:53:40
28,Chuy,-33.6971,-53.4616,64.47,87,40,10.63,UY,2022-11-19 02:51:11
29,Palmer,42.1584,-72.3287,36.01,67,75,5.75,US,2022-11-19 02:49:37
30,Dunedin,-45.8742,170.5036,53.8,92,100,1.99,NZ,2022-11-19 02:54:00
31,Padang,-0.9492,100.3543,80.65,74,100,3.33,ID,2022-11-19 02:52:02
32,Cape Town,-33.9258,18.4232,64.38,71,100,9.22,ZA,2022-11-19 02:51:06
33,Waingapu,-9.6567,120.2641,82.24,70,100,2.8,ID,2022-11-19 02:54:00
34,Clyde River,70.4692,-68.5914,1.63,78,100,10.36,CA,2022-11-19 02:54:01
35,Geraldton,-28.7667,114.6,68.41,40,40,18.41,AU,2022-11-19 02:49:04
36,Jamestown,42.097,-79.2353,26.19,63,100,19.57,US,2022-11-19 02:51:05
37,Tuktoyaktuk,69.4541,-133.0374,30.2,86,75,19.57,CA,2022-11-19 02:54:01
38,Guerrero Negro,27.9769,-114.0611,61.41,58,1,9.22,MX,2022-11-19 02:54:02
39,Puerto Ayora,-0.7393,-90.3518,69.55,94,70,7.0,EC,2022-11-19 02:54:03
40,Saint Anthony,45.0205,-93.218,21.15,68,100,12.66,US,2022-11-19 02:54:03
41,Port Hedland,-20.3167,118.5667,89.65,18,48,13.8,AU,2022-11-19 02:54:04
42,Pisco,-13.7,-76.2167,62.65,82,0,10.36,PE,2022-11-19 02:53:46
43,Namie,37.4833,141.0,59.72,46,100,7.65,JP,2022-11-19 02:54:04
44,Port Hardy,50.6996,-127.4199,28.58,100,0,5.75,CA,2022-11-19 02:54:05
45,Clacton-On-Sea,51.7897,1.156,47.97,88,100,4.0,GB,2022-11-19 02:54:05
46,Taraz,42.9,71.3667,45.01,93,100,11.18,KZ,2022-11-19 02:54:05
47,Lohr,49.9936,9.5783,40.21,94,100,5.91,DE,2022-11-19 02:55:06
48,Bafoulabe,13.8065,-10.8321,76.89,14,99,3.62,ML,2022-11-19 02:55:06
49,Ouadda,8.0777,22.4007,64.96,43,98,3.69,CF,2022-11-19 02:55:06
50,Atuona,-9.8,-139.0333,77.41,73,13,9.26,PF,2022-11-19 02:51:42
51,Cherskiy,68.75,161.3,-23.62,98,99,6.13,RU,2022-11-19 02:55:07
52,Bathsheba,13.2167,-59.5167,81.21,83,40,18.41,BB,2022-11-19 02:46:33
53,Goderich,43.7501,-81.7165,34.92,69,100,25.32,CA,2022-11-19 02:55:08
54,Codrington,-38.2667,141.9667,64.4,84,98,19.42,AU,2022-11-19 02:55:08
55,Dingle,10.9995,122.6711,78.22,88,100,6.04,PH,2022-11-19 02:55:09
56,Dikson,73.5069,80.5464,-9.15,96,100,19.3,RU,2022-11-19 02:55:09
57,Esperance,-33.8667,121.9,56.82,63,97,19.24,AU,2022-11-19 02:53:22
58,Bundaberg,-24.85,152.35,81.21,64,32,7.0,AU,2022-11-19 02:55:09
59,Saint George,37.1041,-113.5841,45.19,39,0,24.16,US,2022-11-19 02:55:10
60,Trairi,-3.2778,-39.2689,78.08,76,69,9.73,BR,2022-11-19 02:53:09
61,Cap Malheureux,-19.9842,57.6142,73.47,66,8,1.01,MU,2022-11-19 02:55:10
62,Katsuura,35.1333,140.3,64.27,58,0,11.23,JP,2022-11-19 02:55:11
63,Albany,42.6001,-73.9662,33.39,76,73,7.49,US,2022-11-19 02:51:21
64,Ilulissat,69.2167,-51.1,8.13,85,100,3.6,GL,2022-11-19 02:52:47
65,Alice Springs,-23.7,133.8833,90.95,33,5,18.41,AU,2022-11-19 02:51:53
66,Baiao,-2.7906,-49.6717,73.99,94,90,3.98,BR,2022-11-19 02:55:11
67,New Norfolk,-42.7826,147.0587,70.92,35,17,7.74,AU,2022-11-19 02:52:54
68,Haines Junction,60.7522,-137.5108,4.95,85,99,0.0,CA,2022-11-19 02:55:12
69,Saint-Pierre,-21.3393,55.4781,71.91,60,0,4.61,RE,2022-11-19 02:55:13
70,San Quintin,30.4833,-115.95,59.36,70,3,4.47,MX,2022-11-19 02:55:14
71,Port Alfred,-33.5906,26.891,61.18,94,100,5.01,ZA,2022-11-19 02:55:15
72,Nabire,-3.3667,135.4833,83.44,81,97,5.12,ID,2022-11-19 02:55:08
73,Goianesia,-15.3175,-49.1175,69.98,89,38,2.89,BR,2022-11-19 02:52:04
74,Mar Del Plata,-38.0023,-57.5575,64.42,95,100,8.99,AR,2022-11-19 02:53:32
75,Shingu,33.7333,135.9833,61.72,45,100,1.92,JP,2022-11-19 02:55:15
76,Tezu,27.9167,96.1667,73.96,31,0,1.72,IN,2022-11-19 02:55:16
77,Contai,21.7786,87.7536,71.44,42,99,12.55,IN,2022-11-19 02:55:16
78,Nova Olimpia,-14.7972,-57.2881,73.2,32,90,2.26,BR,2022-11-19 02:55:16
79,Batagay,67.6333,134.6333,-31.9,100,38,1.43,RU,2022-11-19 02:55:17
80,Port Elizabeth,-33.918,25.5701,63.1,81,0,14.97,ZA,2022-11-19 02:55:17
81,Hermanus,-34.4187,19.2345,54.81,79,26,13.09,ZA,2022-11-19 02:55:18
82,Sabha,27.0377,14.4283,62.64,24,9,8.63,LY,2022-11-19 02:55:18
83,Buchanan,5.8808,-10.0467,76.26,85,62,3.31,LR,2022-11-19 02:55:19
84,Butaritari,3.0707,172.7902,81.03,71,17,16.96,KI,2022-11-19 02:55:19
85,Rosarito,32.3333,-117.0333,59.95,68,0,1.66,MX,2022-11-19 02:50:31
86,Lorengau,-2.0226,147.2712,85.08,68,100,5.03,PG,2022-11-19 02:55:19
87,Provideniya,64.3833,-173.3,30.13,90,89,5.86,RU,2022-11-19 02:55:20
88,Douglas,41.3,-96.167,20.75,53,0,10.36,US,2022-11-19 02:55:20
89,Canico,32.6333,-16.85,66.83,74,40,9.22,PT,2022-11-19 02:55:20
90,Yerbogachen,61.2767,108.0108,3.49,83,100,10.38,RU,2022-11-19 02:55:21
91,Vaini,-21.2,-175.2,84.36,79,20,3.44,TO,2022-11-19 02:55:21
92,Simiti,7.9579,-73.9436,75.29,94,99,2.53,CO,2022-11-19 02:55:22
93,Nouadhibou,20.931,-17.0347,69.78,68,0,18.41,MR,2022-11-19 02:56:22
94,Ikom,5.9667,8.7063,73.92,89,66,1.14,NG,2022-11-19 02:56:22
95,Novopskov,49.5464,39.0899,30.09,85,100,8.59,UA,2022-11-19 02:56:23
96,Pangnirtung,66.1451,-65.7125,0.46,67,64,7.05,CA,2022-11-19 02:52:58
97,Matamoros,25.5333,-103.25,57.11,61,100,2.73,MX,2022-11-19 02:56:23
98,Batagay-Alyta,67.8006,130.4114,-21.03,86,82,3.76,RU,2022-11-19 02:56:24
99,Khatanga,71.9667,102.5,-27.36,96,100,5.88,RU,2022-11-19 02:56:24
100,East London,-33.0153,27.9116,62.94,91,100,16.67,ZA,2022-11-19 02:56:25
101,Nanortalik,60.1432,-45.2371,26.91,84,99,7.25,GL,2022-11-19 02:56:25
102,Amaigbo,5.7892,7.8383,73.44,94,10,3.51,NG,2022-11-19 02:56:26
103,Najran,17.4924,44.1277,57.85,32,0,1.3,SA,2022-11-19 02:54:20
104,Yellowknife,62.456,-114.3525,25.32,80,75,3.44,CA,2022-11-19 02:56:02
105,Yenagoa,4.9247,6.2642,75.27,94,8,2.33,NG,2022-11-19 02:56:26
106,Itoman,26.1247,127.6694,80.62,78,20,8.05,JP,2022-11-19 02:47:39
107,Rawson,-43.3002,-65.1023,66.45,63,6,11.72,AR,2022-11-19 02:56:27
108,Dalnegorsk,44.5604,135.5701,39.16,57,55,2.04,RU,2022-11-19 02:56:27
109,Campina Grande Do Sul,-25.3056,-49.0553,57.4,99,38,2.71,BR,2022-11-19 02:56:27
110,Saldanha,-33.0117,17.9442,51.85,79,1,6.11,ZA,2022-11-19 02:56:28
111,Bluff,-46.6,168.3333,60.26,75,57,23.62,NZ,2022-11-19 02:52:48
112,Itagi,-14.1628,-40.0061,69.33,99,100,1.45,BR,2022-11-19 02:56:28
113,Burnie,-41.0667,145.9167,57.94,76,100,13.96,AU,2022-11-19 02:56:29
114,Manuk Mangkaw,4.8,119.85,82.35,79,93,19.51,PH,2022-11-19 02:56:29
115,Leshukonskoye,64.8989,45.7622,4.33,98,63,2.37,RU,2022-11-19 02:56:29
116,Valdivia,-39.8142,-73.2459,51.89,95,3,1.81,CL,2022-11-19 02:52:30
117,Sinnamary,5.3833,-52.95,78.91,82,18,10.71,GF,2022-11-19 02:47:44
118,Yomou,7.5603,-9.2653,65.16,73,95,1.23,GN,2022-11-19 02:56:30
119,Barrow,71.2906,-156.7887,27.55,89,100,21.07,US,2022-11-19 02:53:04
120,Vanimo,-2.6741,141.3028,86.45,66,98,7.23,PG,2022-11-19 02:56:30
121,Port-Gentil,-0.7193,8.7815,78.78,83,100,12.75,GA,2022-11-19 02:56:30
122,Hibbing,47.4272,-92.9377,11.8,79,100,9.22,US,2022-11-19 02:55:34
123,Lebu,-37.6167,-73.65,55.4,86,70,14.52,CL,2022-11-19 02:56:31
124,Takhtamygda,54.1,123.5667,18.54,92,100,10.27,RU,2022-11-19 02:56:31
125,Upernavik,72.7868,-56.1549,9.3,88,99,19.19,GL,2022-11-19 02:56:32
126,Ketchikan,55.3422,-131.6461,36.93,65,99,3.2,US,2022-11-19 02:54:10
127,Alofi,-19.0595,-169.9187,82.29,65,40,11.5,NU,2022-11-19 02:56:32
128,Grindavik,63.8424,-22.4338,41.47,81,40,11.5,IS,2022-11-19 02:52:14
129,Porgera,-5.4667,143.2,50.04,92,100,2.19,PG,2022-11-19 02:56:32
130,Labuhan,-6.8844,112.2051,79.18,77,100,2.15,ID,2022-11-19 02:56:33
131,Yulara,-25.2406,130.9889,86.52,16,10,16.31,AU,2022-11-19 02:56:33
132,Pacific Grove,36.6177,-121.9166,55.54,83,0,3.44,US,2022-11-19 02:51:37
133,Bayir,37.2687,28.2167,61.32,94,23,7.43,TR,2022-11-19 02:56:33
134,Sibolga,1.7427,98.7792,82.78,70,99,2.66,ID,2022-11-19 02:57:34
135,Isangel,-19.55,169.2667,86.11,84,75,4.61,VU,2022-11-19 02:57:34
136,Kaeo,-35.1,173.7833,74.32,72,1,12.95,NZ,2022-11-19 02:57:35
137,Saint-Philippe,-21.3585,55.7679,71.19,66,0,5.68,RE,2022-11-19 02:57:35
138,Morro Bay,35.3658,-120.8499,59.77,53,0,6.33,US,2022-11-19 02:57:35
139,Mount Gambier,-37.8333,140.7667,69.04,65,88,13.42,AU,2022-11-19 02:57:36
140,Arraial Do Cabo,-22.9661,-42.0278,69.87,65,6,3.89,BR,2022-11-19 02:54:32
141,Chokurdakh,70.6333,147.9167,-9.13,98,100,12.28,RU,2022-11-19 02:57:36
142,Ahuimanu,21.4447,-157.8378,80.78,79,25,1.99,US,2022-11-19 02:57:36
143,Catamarca,-28.4696,-65.7852,89.06,30,2,15.08,AR,2022-11-19 02:57:36
144,Ramhormoz,31.28,49.6035,65.79,73,100,5.35,IR,2022-11-19 02:57:37
145,San Patricio,28.017,-97.5169,54.84,77,100,15.57,US,2022-11-19 02:57:37
146,Sorong,-0.8833,131.25,84.81,74,100,11.74,ID,2022-11-19 02:57:37
147,Villa Carlos Paz,-31.4241,-64.4978,80.38,29,0,1.99,AR,2022-11-19 02:57:38
148,Sitka,57.0531,-135.33,41.05,56,100,5.88,US,2022-11-19 02:57:38
149,Olean,42.0776,-78.4297,23.65,73,75,9.22,US,2022-11-19 02:57:38
150,Kahului,20.8947,-156.47,80.96,79,34,14.0,US,2022-11-19 02:55:18
151,Russell,32.3502,-85.1999,40.01,63,57,4.85,US,2022-11-19 02:57:39
152,La Asuncion,11.0333,-63.8628,76.73,94,29,16.11,VE,2022-11-19 02:55:31
153,Natal,-5.795,-35.2094,75.42,83,20,3.44,BR,2022-11-19 02:57:40
154,Ilovlya,49.3033,43.9796,30.16,83,94,3.36,RU,2022-11-19 02:57:40
155,Diu,20.7141,70.9822,74.34,43,0,11.27,IN,2022-11-19 02:57:41
156,Puerto Escondido,15.85,-97.0667,79.0,79,24,4.0,MX,2022-11-19 02:57:41
157,Pravda,46.9396,142.009,38.84,62,83,2.04,RU,2022-11-19 02:57:41
158,Jashpurnagar,22.9,84.15,62.82,49,44,4.07,IN,2022-11-19 02:57:41
159,Japura,-0.3167,102.35,84.56,67,100,5.21,ID,2022-11-19 02:57:42
160,Port Blair,11.6667,92.75,82.94,72,43,10.42,IN,2022-11-19 02:57:42
161,Iqaluit,63.7506,-68.5145,19.13,79,75,6.91,CA,2022-11-19 02:53:25
162,Thompson,55.7435,-97.8558,-2.04,71,40,12.66,CA,2022-11-19 02:57:42
163,Fort Nelson,58.8053,-122.7002,-0.81,85,0,3.44,CA,2022-11-19 02:53:06
164,Saskylakh,71.9167,114.0833,-31.54,98,65,6.53,RU,2022-11-19 02:57:43
165,Pertuis,43.6925,5.5028,48.18,78,75,4.21,FR,2022-11-19 02:57:43
166,Hoquiam,46.9809,-123.8893,45.01,66,10,8.05,US,2022-11-19 02:57:43
167,Petropavlovsk-Kamchatskiy,53.0452,158.6483,27.19,43,0,2.24,RU,2022-11-19 02:57:44
168,Turtas,58.9417,69.1325,8.49,94,100,7.02,RU,2022-11-19 02:57:44
169,Vijayapuri,11.2333,77.5,70.7,68,86,4.59,IN,2022-11-19 02:57:45
170,Sakakah,29.9697,40.2064,54.97,64,69,9.57,SA,2022-11-19 02:57:45
171,Longhua,23.6137,114.1919,85.98,51,5,3.44,CN,2022-11-19 02:57:45
172,Ribeira Grande,38.5167,-28.7,65.77,72,85,14.0,PT,2022-11-19 02:57:46
173,Maxixe,-23.8597,35.3472,72.37,84,80,10.25,MZ,2022-11-19 02:55:10
174,Hofn,64.2539,-15.2082,42.69,82,52,2.37,IS,2022-11-19 02:57:46
175,Yafran,32.0633,12.5286,58.06,51,0,11.01,LY,2022-11-19 02:57:46
176,Coquimbo,-29.9533,-71.3436,58.73,94,100,3.44,CL,2022-11-19 02:57:47
177,Eresos,39.1667,25.9333,65.89,87,39,24.65,GR,2022-11-19 02:57:47
178,Chapais,49.7834,-74.8492,8.38,94,100,6.24,CA,2022-11-19 02:57:48
179,Phangnga,8.4509,98.5298,82.44,72,85,1.14,TH,2022-11-19 02:57:49
180,Ozernovskiy,51.5,156.5167,29.34,67,9,12.73,RU,2022-11-19 02:58:49
181,Kavieng,-2.5744,150.7967,84.43,65,100,7.09,PG,2022-11-19 02:58:50
182,Tha Mai,12.6214,102.0048,87.96,100,98,4.27,TH,2022-11-19 02:58:51
183,Kalmunai,7.4167,81.8167,77.76,82,99,13.4,LK,2022-11-19 02:58:51
184,Tasiilaq,65.6145,-37.6368,34.03,95,100,25.48,GL,2022-11-19 02:58:51
185,Anadyr,64.75,177.4833,-8.9,84,0,6.71,RU,2022-11-19 02:58:52
186,Saint-Georges,12.0564,-61.7485,80.28,83,20,8.05,GD,2022-11-19 02:58:52
187,Cidreira,-30.1811,-50.2056,68.27,81,3,18.63,BR,2022-11-19 02:58:52
188,Biharamulo,-2.6319,31.3089,60.44,89,98,1.21,TZ,2022-11-19 02:58:52
189,Sao Gabriel Da Cachoeira,-0.1303,-67.0892,72.09,98,82,2.42,BR,2022-11-19 02:58:53
190,Roald,62.5833,6.1333,40.75,70,20,9.22,NO,2022-11-19 02:58:53
191,Cozumel,20.5083,-86.9458,74.07,93,20,7.0,MX,2022-11-19 02:58:53
192,Qaanaaq,77.484,-69.3632,-9.63,67,7,6.8,GL,2022-11-19 02:58:54
193,Adrar,20.5022,-10.0711,64.96,18,0,6.26,MR,2022-11-19 02:58:54
194,Hinton,53.4001,-117.5857,17.46,85,16,6.69,CA,2022-11-19 02:58:54
195,Bambous Virieux,-20.3428,57.7575,73.22,88,20,5.75,MU,2022-11-19 02:55:10
196,Khash,28.2211,61.2158,57.94,59,100,2.68,IR,2022-11-19 02:58:55
197,Asosa,10.0667,34.5333,60.75,50,60,5.26,ET,2022-11-19 02:58:55
198,Videira,-27.0083,-51.1517,52.23,83,0,3.11,BR,2022-11-19 02:58:55
199,Tiarei,-17.5333,-149.3333,73.42,90,100,18.43,PF,2022-11-19 02:58:56
200,Portland,45.5234,-122.6762,42.89,47,26,11.01,US,2022-11-19 02:58:51
201,Karatau,43.1667,70.4667,46.22,87,100,13.33,KZ,2022-11-19 02:58:56
202,Mbekenyera,-10.0,38.9833,69.13,92,58,3.69,TZ,2022-11-19 02:58:56
203,Harper,4.375,-7.7169,77.0,84,12,5.88,LR,2022-11-19 02:58:57
204,Blagnac,43.6328,1.394,48.34,87,100,10.36,FR,2022-11-19 02:58:57
205,Taloda,21.5667,74.2167,71.1,34,1,6.55,IN,2022-11-19 02:58:57
206,Wau,7.7029,27.9953,71.78,41,100,4.36,SS,2022-11-19 02:58:58
207,Chemal,51.4111,86.005,13.14,70,9,5.19,RU,2022-11-19 02:58:58
208,Salalah,17.0151,54.0924,74.43,71,0,3.6,OM,2022-11-19 02:58:58
209,Talnakh,69.4865,88.3972,6.21,95,100,12.33,RU,2022-11-19 02:58:59
210,Aklavik,68.2191,-135.0107,20.48,78,100,3.6,CA,2022-11-19 02:58:59
211,Sao Jose Do Egito,-7.4789,-37.2744,72.64,68,23,8.59,BR,2022-11-19 02:58:59
212,Cabo San Lucas,22.8909,-109.9124,73.18,73,12,6.78,MX,2022-11-19 02:55:29
213,Gat,31.61,34.7642,64.4,67,1,3.74,IL,2022-11-19 02:56:04
214,Lagoa,39.05,-27.9833,63.46,74,82,18.66,PT,2022-11-19 02:59:00
215,Taoudenni,22.6783,-3.9836,72.1,13,76,5.95,ML,2022-11-19 02:59:00
216,Cayenne,4.9333,-52.3333,75.24,94,20,0.0,GF,2022-11-19 02:54:45
217,Nikolskoye,59.7035,30.7861,24.69,68,17,8.46,RU,2022-11-19 02:59:00
218,Lata,40.1629,-8.3327,48.07,91,99,1.88,PT,2022-11-19 02:59:01
219,Faanui,-16.4833,-151.75,78.01,81,99,11.99,PF,2022-11-19 02:59:01
220,Te Anau,-45.4167,167.7167,68.88,56,100,2.21,NZ,2022-11-19 02:59:01
221,Mulchen,-37.7167,-72.2333,56.66,82,3,7.85,CL,2022-11-19 02:59:02
222,Bredasdorp,-34.5322,20.0403,53.62,79,13,7.43,ZA,2022-11-19 02:59:02
223,Sao Felix Do Xingu,-6.6447,-51.995,72.03,95,100,1.77,BR,2022-11-19 02:59:02
224,Lucea,18.451,-78.1736,80.46,79,100,4.81,JM,2022-11-19 02:59:03
225,Flin Flon,54.7682,-101.865,6.89,90,98,8.9,CA,2022-11-19 02:59:03
226,Pevek,69.7008,170.3133,-22.52,100,26,0.29,RU,2022-11-19 03:00:04
227,Maragogi,-9.0122,-35.2225,75.92,83,91,7.45,BR,2022-11-19 03:00:05
228,Ushtobe,45.2514,77.9838,32.74,72,100,3.42,KZ,2022-11-19 03:00:05
229,Tuatapere,-46.1333,167.6833,71.98,51,77,12.24,NZ,2022-11-19 03:00:06
230,Urucara,-2.5364,-57.76,79.45,55,100,1.01,BR,2022-11-19 03:00:06
231,Nikel,69.4128,30.222,26.78,90,96,12.86,RU,2022-11-19 03:00:07
232,Kirakira,-10.4544,161.9205,84.09,73,100,5.86,SB,2022-11-19 03:00:08
233,Boundiali,9.5217,-6.4869,68.54,39,81,2.64,CI,2022-11-19 03:00:09
234,Kaitangata,-46.2817,169.8464,53.74,93,100,10.16,NZ,2022-11-19 03:00:09
235,Bafilo,9.35,1.2667,69.33,44,42,3.24,TG,2022-11-19 03:00:10
236,Tiksi,71.6872,128.8694,-18.09,97,100,6.17,RU,2022-11-19 03:00:10
237,North Myrtle Beach,33.816,-78.68,41.02,49,69,1.16,US,2022-11-19 03:00:11
238,Narsaq,60.9167,-46.05,21.42,88,73,6.93,GL,2022-11-19 03:00:11
239,Solnechnyy,50.7214,136.6319,26.92,72,55,5.84,RU,2022-11-19 03:00:12
240,Turbat,26.0023,63.044,73.09,67,100,0.34,PK,2022-11-19 03:00:12
241,Norman Wells,65.282,-126.8329,10.83,80,22,1.63,CA,2022-11-19 03:00:12
242,Khingansk,49.1167,131.1833,24.48,75,100,9.17,RU,2022-11-19 03:00:13
243,Coahuayana,18.7333,-103.6833,74.35,86,65,2.44,MX,2022-11-19 03:00:13
244,Rio Gallegos,-51.6226,-69.2181,57.97,29,100,13.71,AR,2022-11-19 03:00:14
245,Raudeberg,61.9875,5.1352,37.96,69,97,2.08,NO,2022-11-19 03:00:15
246,Beneditinos,-5.45,-42.3667,75.33,81,100,5.39,BR,2022-11-19 03:00:15
247,Maldonado,-34.6667,-54.9167,65.59,76,100,12.48,UY,2022-11-19 02:55:32
248,Rio Grande,-32.035,-52.0986,66.92,83,39,14.63,BR,2022-11-19 03:00:16
249,Ust-Omchug,61.15,149.6333,-13.65,87,3,0.58,RU,2022-11-19 03:00:16
250,Kununurra,-15.7667,128.7333,94.98,46,99,6.91,AU,2022-11-19 03:00:17
251,Buala,-8.145,159.5921,85.98,63,77,5.39,SB,2022-11-19 03:00:17
252,Hasaki,35.7333,140.8333,64.29,54,55,16.17,JP,2022-11-19 03:00:18
253,Sur,22.5667,59.5289,76.08,56,6,5.1,OM,2022-11-19 03:00:18
254,Kruisfontein,-34.0033,24.7314,60.89,75,100,10.58,ZA,2022-11-19 03:00:19
255,Ancud,-41.8697,-73.8203,48.61,76,100,6.67,CL,2022-11-19 03:00:19
256,Juruti,-2.1522,-56.0922,78.84,52,100,0.58,BR,2022-11-19 03:00:20
257,Sokoni,-6.4333,39.55,79.05,78,100,7.76,TZ,2022-11-19 03:00:20
258,Pangody,65.85,74.4859,-4.05,93,100,16.2,RU,2022-11-19 03:00:21
259,Samarai,-10.6167,150.6667,85.28,70,80,13.22,PG,2022-11-19 03:00:21
260,Zyryanskoye,56.8306,86.6258,3.61,96,28,6.6,RU,2022-11-19 03:00:21
261,Soyo,-6.1349,12.3689,76.39,80,100,3.87,AO,2022-11-19 03:00:22
262,Port Lincoln,-34.7333,135.8667,65.41,61,53,23.71,AU,2022-11-19 03:00:22
263,Flinders,-34.5833,150.8552,75.18,66,41,8.01,AU,2022-11-19 03:00:23
264,Bardiyah,31.7561,25.0865,65.98,37,2,15.84,LY,2022-11-19 03:00:23
265,Shimoda,34.6667,138.95,63.1,56,10,13.62,JP,2022-11-19 03:00:23
266,Sechura,-5.5569,-80.8222,64.8,79,59,11.36,PE,2022-11-19 03:00:24
267,Verkhoyansk,67.5447,133.385,-32.96,98,31,0.63,RU,2022-11-19 03:01:24
268,Mao,39.8885,4.2658,54.16,94,75,13.8,ES,2022-11-19 03:01:25
269,Santa Isabel Do Rio Negro,-0.4139,-65.0192,75.92,90,100,2.48,BR,2022-11-19 03:01:25
270,Nazareno Etla,17.1783,-96.8239,59.34,93,33,4.65,MX,2022-11-19 03:01:26
271,San Rafael,-34.6177,-68.3301,73.13,48,15,4.63,AR,2022-11-19 03:01:26
272,Udala,43.0778,-2.5125,46.22,95,100,9.26,ES,2022-11-19 03:01:26
273,Sarramea,-21.6421,165.8452,76.14,68,93,6.49,NC,2022-11-19 03:01:27
274,Garowe,8.4054,48.4845,71.58,77,0,5.61,SO,2022-11-19 03:01:27
275,Airai,-8.9266,125.4092,72.3,71,100,0.98,TL,2022-11-19 03:01:28
276,Saint Marys,30.7305,-81.5465,52.0,74,0,5.75,US,2022-11-19 02:59:06
277,Namatanai,-3.6667,152.4333,85.87,62,96,5.26,PG,2022-11-19 03:01:29
278,Cockburn Town,21.4612,-71.1419,81.45,69,21,20.33,TC,2022-11-19 03:01:29
279,Carballo,43.213,-8.691,51.87,87,93,3.91,ES,2022-11-19 03:01:30
280,Adre,13.4667,22.2,64.56,25,4,12.35,TD,2022-11-19 03:01:30
281,Marawi,7.9986,124.2928,79.29,73,75,2.48,PH,2022-11-19 03:01:31
282,Mazagao,-0.115,-51.2894,77.36,80,100,6.87,BR,2022-11-19 03:01:31
283,Sao Filipe,14.8961,-24.4956,78.44,64,99,12.44,CV,2022-11-19 03:01:31
284,Hearst,49.6835,-83.6665,17.38,89,100,6.2,CA,2022-11-19 03:01:02
285,Kodiak,57.79,-152.4072,42.31,81,100,10.36,US,2022-11-19 03:01:32
286,Klaksvik,62.2266,-6.589,47.32,86,98,34.58,FO,2022-11-19 03:01:32
287,Nyurba,63.2842,118.3319,-7.2,95,100,8.46,RU,2022-11-19 03:01:33
288,Raga,8.4596,25.678,67.95,33,83,3.98,SS,2022-11-19 02:58:33
289,Riverton,40.5219,-111.9391,31.33,66,0,4.61,US,2022-11-19 03:01:33
290,Cheyenne,41.14,-104.8203,14.95,63,13,13.0,US,2022-11-19 02:56:42
291,Luanda,-8.8368,13.2343,75.2,88,20,1.14,AO,2022-11-19 03:01:33
292,Wana,32.2989,69.5725,53.24,40,97,0.89,PK,2022-11-19 03:01:34
293,Bestobe,52.4994,73.0975,17.29,82,98,7.72,KZ,2022-11-19 03:01:34
294,Tessalit,20.1986,1.0114,67.86,14,100,7.99,ML,2022-11-19 03:01:34
295,Hobart,-42.8794,147.3294,70.27,49,11,3.0,AU,2022-11-19 03:00:07
296,Ustka,54.5805,16.8619,28.65,85,100,0.72,PL,2022-11-19 03:01:35
297,Zhanakorgan,43.9098,67.2495,42.64,78,12,11.45,KZ,2022-11-19 03:01:35
298,Carmen,18.6333,-91.8333,77.85,79,18,4.41,MX,2022-11-19 03:01:35
299,Emba,48.8264,58.1442,29.86,76,100,4.34,KZ,2022-11-19 03:01:36
300,Jaicos,-7.3592,-41.1378,82.09,47,100,1.39,BR,2022-11-19 03:01:36
301,Bethel,41.3712,-73.414,35.96,81,100,9.22,US,2022-11-19 03:01:36
302,Cacu,-18.5567,-51.1308,77.81,38,64,5.79,BR,2022-11-19 03:01:37
303,Namibe,-15.1961,12.1522,72.45,76,99,2.82,AO,2022-11-19 03:01:37
304,Rome,34.257,-85.1647,39.9,73,0,0.0,US,2022-11-19 03:01:37
305,Robe,-37.1833,139.75,61.74,86,99,18.16,AU,2022-11-19 03:01:38
306,Bathurst,-33.4166,149.5806,70.41,46,34,10.2,AU,2022-11-19 03:00:19
307,Chumikan,54.7183,135.315,19.8,81,66,11.41,RU,2022-11-19 03:01:38
308,Sakaiminato,35.55,133.2333,61.16,59,88,15.57,JP,2022-11-19 03:01:38
309,Santa Marta,11.2408,-74.199,78.89,82,99,1.99,CO,2022-11-19 03:01:39
310,Chibuto,-24.6867,33.5306,75.96,48,44,10.83,MZ,2022-11-19 03:01:39
311,Ahipara,-35.1667,173.1667,67.24,72,0,14.38,NZ,2022-11-19 03:01:39
312,Bharatpur,27.2167,77.4833,65.23,36,4,2.06,IN,2022-11-19 02:58:04
313,Inhambane,-23.865,35.3833,73.69,81,78,11.95,MZ,2022-11-19 03:02:40
314,Iskateley,67.6803,53.1512,21.6,96,100,8.95,RU,2022-11-19 03:02:40
315,Mount Isa,-20.7333,139.5,101.97,15,0,14.97,AU,2022-11-19 03:02:40
316,Sobolevo,54.4299,31.8996,22.35,76,65,8.99,RU,2022-11-19 03:02:41
317,Nehoiu,45.4167,26.3,48.07,92,45,5.82,RO,2022-11-19 03:02:41
318,Leningradskiy,69.3833,178.4167,-12.66,97,92,3.85,RU,2022-11-19 03:02:41
319,Shima,24.4478,117.8111,80.44,56,0,2.51,CN,2022-11-19 03:02:42
320,Kawalu,-7.3817,108.2082,84.67,66,100,2.08,ID,2022-11-19 03:02:42
321,Gupitan,7.7758,125.6406,84.52,74,99,4.05,PH,2022-11-19 03:02:42
322,Ugoofaaru,5.6667,73.0,81.45,72,81,5.53,MV,2022-11-19 03:02:43
323,Dali,25.7,100.1833,58.86,34,2,1.9,CN,2022-11-19 03:02:43
324,Torbay,47.6666,-52.7314,37.76,81,45,4.0,CA,2022-11-19 03:02:43
325,Bakaly,55.1789,53.8028,27.84,97,100,12.68,RU,2022-11-19 03:02:43
326,Dolores,-36.3132,-57.6792,64.45,78,100,11.56,AR,2022-11-19 03:02:44
327,Dera Gopipur,31.9,76.2167,61.3,48,100,3.56,IN,2022-11-19 03:02:44
328,Nome,64.5011,-165.4064,33.87,93,100,3.44,US,2022-11-19 03:02:45
329,Ponta Do Sol,32.6667,-17.1,66.83,64,5,8.12,PT,2022-11-19 03:02:45
330,San Felipe,10.3399,-68.7425,71.06,99,80,1.81,VE,2022-11-19 03:02:45
331,San Carlos,9.6612,-68.5827,71.6,97,97,2.59,VE,2022-11-19 03:01:22
332,Bahia Blanca,-38.7196,-62.2724,59.29,94,100,1.99,AR,2022-11-19 03:02:46
333,Carnarvon,-24.8667,113.6333,68.85,44,2,21.77,AU,2022-11-19 03:02:46
334,Conde,-7.2597,-34.9075,74.55,75,64,7.49,BR,2022-11-19 03:02:46
335,Nuuk,64.1835,-51.7216,19.31,82,77,5.03,GL,2022-11-19 03:02:46
336,Ebolowa,2.9,11.15,67.66,98,76,0.31,CM,2022-11-19 03:02:47
337,Orotukan,62.2667,151.7,-12.98,80,3,6.38,RU,2022-11-19 03:02:47
338,Lavumisa,-27.31,31.892,69.8,91,72,2.33,SZ,2022-11-19 03:02:48
339,Komsomolskiy,40.4272,71.7189,45.32,76,40,0.0,UZ,2022-11-19 03:02:48
340,Borskoye,53.0333,51.7167,34.3,100,100,5.57,RU,2022-11-19 03:02:48
341,Denpasar,-8.65,115.2167,85.71,74,20,5.75,ID,2022-11-19 02:58:43
342,Whitehorse,60.7161,-135.0538,14.09,84,86,15.99,CA,2022-11-19 03:02:49
343,Odweyne,9.4092,45.064,63.07,26,0,1.34,SO,2022-11-19 03:02:49
344,Hambantota,6.1241,81.1185,77.34,100,75,3.44,LK,2022-11-19 03:02:49
345,Aksarka,66.5606,67.7975,3.15,79,54,12.24,RU,2022-11-19 03:02:49
346,Myitkyina,25.3833,97.4,69.46,39,25,2.8,MM,2022-11-19 03:02:50
347,Ayan,56.45,138.1667,23.95,63,2,1.25,RU,2022-11-19 03:02:50
348,Naze,28.3667,129.4833,71.73,80,77,9.69,JP,2022-11-19 03:02:50
349,Victor Harbor,-35.5667,138.6167,75.0,67,8,3.0,AU,2022-11-19 03:02:51
350,Sao Joao Da Barra,-21.6403,-41.0511,66.58,76,0,7.61,BR,2022-11-19 03:02:51
351,Souillac,-20.5167,57.5167,72.19,75,27,5.19,MU,2022-11-19 03:02:51
352,Kasongo-Lunda,-6.4667,16.8167,67.28,96,95,0.27,CD,2022-11-19 03:02:17
353,Dunmore Town,25.5,-76.65,78.08,77,100,20.65,BS,2022-11-19 03:02:52
354,Zhangjiakou,40.81,114.8794,42.76,62,1,5.39,CN,2022-11-19 03:02:52
355,Tondano,1.3038,124.9112,75.29,77,100,0.63,ID,2022-11-19 03:02:52
356,Kovernino,57.1253,43.8142,24.62,83,100,11.23,RU,2022-11-19 03:02:53
357,Guangyuan,32.442,105.823,59.27,62,1,2.35,CN,2022-11-19 03:02:53
358,Dedougou,12.4667,-3.4667,72.57,29,87,3.02,BF,2022-11-19 03:02:53
359,West Fargo,46.875,-96.9004,20.01,75,100,19.57,US,2022-11-19 03:02:54
360,Rio Rancho,35.2334,-106.6645,32.27,70,0,10.36,US,2022-11-19 03:00:23
361,Jiayuguan,39.8167,98.3,36.55,27,72,4.41,CN,2022-11-19 03:03:54
362,Emerald,-23.5333,148.1667,95.59,28,31,7.92,AU,2022-11-19 03:03:55
363,Ust-Ordynskiy,52.805,104.7508,13.33,76,26,1.43,RU,2022-11-19 03:03:55
364,Acapulco,16.8634,-99.8901,82.22,78,75,5.75,MX,2022-11-19 03:03:55
365,Usinsk,65.9939,57.5281,8.13,93,87,11.83,RU,2022-11-19 03:03:56
366,Chippewa Falls,44.9369,-91.3929,18.41,76,100,11.5,US,2022-11-19 03:03:56
367,Amurzet,47.6967,131.0981,31.98,64,100,10.78,RU,2022-11-19 03:03:56
368,Berbera,10.4396,45.0143,75.16,67,0,3.44,SO,2022-11-19 03:03:56
369,Trincomalee,8.5711,81.2335,80.24,79,100,14.97,LK,2022-11-19 03:03:57
370,Kampot,10.6167,104.1833,82.45,76,100,2.62,KH,2022-11-19 03:03:57
371,Tres Arroyos,-38.3739,-60.2798,61.34,96,99,5.68,AR,2022-11-19 03:03:57
372,Awbari,26.5921,12.7805,62.73,24,20,7.29,LY,2022-11-19 03:03:58
373,Sabang,5.8933,95.3214,81.32,73,99,7.74,ID,2022-11-19 03:03:58
374,Koumac,-20.5667,164.2833,76.57,72,96,12.35,NC,2022-11-19 03:03:58
375,Aswan,24.0934,32.907,61.77,42,0,9.62,EG,2022-11-19 03:03:59
376,Luderitz,-26.6481,15.1594,62.67,58,96,19.6,NA,2022-11-19 03:04:00
377,Uruzgan,32.8333,66.0,45.81,69,0,5.75,AF,2022-11-19 03:04:00
378,Atbasar,51.8,68.3333,20.08,89,100,4.14,KZ,2022-11-19 03:04:01
379,Sarangani,5.4033,125.4636,82.72,72,98,1.86,PH,2022-11-19 03:04:01
380,Viedma,-40.8135,-62.9967,66.22,83,100,10.31,AR,2022-11-19 03:04:01
381,Necochea,-38.5473,-58.7368,62.67,96,100,14.58,AR,2022-11-19 03:04:02
382,Thinadhoo,0.5333,72.9333,81.66,73,74,12.55,MV,2022-11-19 03:04:02
383,Iisaku,59.1014,27.3081,24.66,91,100,11.07,EE,2022-11-19 03:04:03
384,Bonthe,7.5264,-12.505,77.09,82,65,3.76,SL,2022-11-19 03:04:03
385,Oussouye,12.485,-16.5469,74.66,44,80,7.27,SN,2022-11-19 03:04:04
386,Itaqui,-29.1253,-56.5531,70.72,49,0,8.75,BR,2022-11-19 03:02:48
387,Inhapim,-19.5492,-42.12,62.94,82,22,3.96,BR,2022-11-19 03:04:04
388,Antibes,43.5624,7.1278,57.67,54,40,12.66,FR,2022-11-19 03:04:04
389,Puerto Leguizamo,-0.1934,-74.7819,74.08,86,100,0.29,CO,2022-11-19 03:04:05
390,Peleduy,59.6289,112.7406,-2.69,98,100,6.33,RU,2022-11-19 03:04:05
391,Constitucion,-35.3333,-72.4167,56.48,89,0,15.32,CL,2022-11-19 03:04:05
392,Chernyshevskiy,63.0128,112.4714,0.39,93,100,10.25,RU,2022-11-19 03:04:06
393,Longyearbyen,78.2186,15.6401,39.04,87,75,17.27,SJ,2022-11-19 03:04:06
394,Novo Aripuana,-5.1206,-60.3797,75.65,94,99,0.89,BR,2022-11-19 03:04:06
395,Vanavara,60.34,102.2797,2.43,88,100,8.52,RU,2022-11-19 03:04:07
396,Semnan,35.5729,53.3971,46.27,54,0,2.46,IR,2022-11-19 03:04:07
397,Sakaraha,-22.9,44.5333,70.5,62,0,0.96,MG,2022-11-19 03:04:07
398,Port-Cartier,50.0334,-66.8654,22.75,83,100,11.23,CA,2022-11-19 03:04:08
399,Cervo,43.6702,-7.4101,51.55,75,72,13.87,ES,2022-11-19 03:04:08
400,Gilgit,35.9221,74.3087,43.63,61,100,0.76,PK,2022-11-19 03:04:09
401,Bandarbeyla,9.4942,50.8122,78.71,82,7,15.77,SO,2022-11-19 03:04:09
402,Tocopilla,-22.092,-70.1979,64.54,72,25,1.01,CL,2022-11-19 03:04:09
403,Sovetskiy,61.3614,63.5842,6.6,91,14,7.07,RU,2022-11-19 03:04:10
404,Richards Bay,-28.783,32.0377,73.83,87,100,15.48,ZA,2022-11-19 03:04:10
405,Nakambala,-15.8324,27.7799,67.26,39,1,5.3,ZM,2022-11-19 03:04:10
406,College,64.8569,-147.8028,12.58,85,75,0.0,US,2022-11-19 03:05:10
407,Cordoba,-31.4135,-64.1811,83.75,43,0,0.0,AR,2022-11-19 03:05:11
408,Gaoua,10.2992,-3.2508,72.81,35,86,1.77,BF,2022-11-19 03:05:11
409,Koshurnikovo,54.1667,93.3,9.41,91,100,2.66,RU,2022-11-19 03:05:11
410,Benjamin Constant,-4.3831,-70.0311,75.33,98,98,2.46,BR,2022-11-19 03:05:12
411,Takaka,-40.85,172.8,64.56,73,47,6.67,NZ,2022-11-19 03:05:12
412,Makurdi,7.7411,8.5121,77.9,37,83,2.13,NG,2022-11-19 03:05:12
413,Pavlodar,52.3,76.95,10.2,85,0,6.71,KZ,2022-11-19 03:00:51
414,Lavrentiya,65.5833,-171.0,22.5,89,18,2.98,RU,2022-11-19 03:05:13
415,Sept-Iles,50.2001,-66.3821,23.05,76,100,3.0,CA,2022-11-19 03:05:13
416,Vostok,46.4856,135.8833,31.35,72,26,2.04,RU,2022-11-19 03:05:14
417,Ixtapa,20.7,-105.2,75.22,88,0,0.0,MX,2022-11-19 03:05:14
418,Vilhena,-12.7406,-60.1458,73.51,75,88,4.61,BR,2022-11-19 03:05:14
419,Faya,18.3851,42.4509,52.32,77,1,1.34,SA,2022-11-19 03:05:15
420,Inuvik,68.3499,-133.7218,29.16,64,75,2.3,CA,2022-11-19 03:00:25
421,Liuzhou,24.3126,109.3892,67.03,75,93,10.85,CN,2022-11-19 03:05:15
422,Boa Vista,2.8197,-60.6733,81.43,67,96,2.73,BR,2022-11-19 03:05:17
423,Novyye Gorki,56.7253,41.0601,25.48,94,100,7.7,RU,2022-11-19 03:05:17
424,Payyannur,12.1,75.2,75.87,54,41,3.42,IN,2022-11-19 03:05:18
425,Khani,41.9563,42.9566,44.17,70,27,7.16,GE,2022-11-19 03:05:18
426,Prince Rupert,54.3161,-130.3201,37.15,51,97,5.28,CA,2022-11-19 03:05:18
427,Maslovare,44.5656,17.5336,39.24,91,86,3.24,BA,2022-11-19 03:05:19
428,Cururupu,-1.8283,-44.8683,75.13,91,51,4.0,BR,2022-11-19 03:05:19
429,Hamilton,39.1834,-84.5333,27.73,69,20,6.91,US,2022-11-19 03:05:00
430,Mezhdurechensk,53.6942,88.0603,15.94,92,99,2.66,RU,2022-11-19 03:05:20
431,Kushiro,42.975,144.3747,42.22,74,97,4.18,JP,2022-11-19 03:05:20
432,Galveston,29.3669,-94.9669,53.19,79,100,13.8,US,2022-11-19 03:05:20
433,Iquique,-20.2208,-70.1431,64.44,69,24,0.96,CL,2022-11-19 03:05:20
434,Medea,36.2642,2.7539,45.52,87,98,9.44,DZ,2022-11-19 03:05:21
435,Tabou,4.423,-7.3528,77.29,84,5,5.41,CI,2022-11-19 03:05:21
436,Ogbomosho,8.133,4.25,73.58,82,65,2.84,NG,2022-11-19 03:05:21
437,Pasir Gudang,1.4584,103.8805,78.24,90,100,4.61,MY,2022-11-19 03:05:22
438,Tautira,-17.7333,-149.15,74.05,94,100,29.73,PF,2022-11-19 03:05:22
439,Tatarsk,55.219,75.9828,6.78,95,70,9.55,RU,2022-11-19 03:05:23
440,Puerto Princesa,9.7392,118.7353,84.18,79,75,11.5,PH,2022-11-19 03:05:23
441,Aksu,41.1231,80.2644,39.72,30,100,0.87,CN,2022-11-19 03:00:27
442,Half Moon Bay,37.4636,-122.4286,59.97,63,0,8.05,US,2022-11-19 03:00:25
443,Tromso,69.6496,18.957,30.38,86,51,3.44,NO,2022-11-19 03:05:23
444,Lompoc,34.6391,-120.4579,59.94,95,0,5.75,US,2022-11-19 03:01:50
445,Mersing,2.4312,103.8405,79.95,83,100,3.78,MY,2022-11-19 03:05:24
446,Kingston,17.997,-76.7936,79.75,83,20,4.61,JM,2022-11-19 03:05:24
447,Manggar,-2.8833,108.2667,85.53,66,76,3.78,ID,2022-11-19 03:05:25
448,Nelson Bay,-32.7167,152.15,77.05,67,16,18.01,AU,2022-11-19 03:05:25
449,Mogadishu,2.0371,45.3438,79.07,85,39,10.42,SO,2022-11-19 03:05:25
450,Hornepayne,49.2138,-84.7705,17.82,93,100,4.83,CA,2022-11-19 03:05:25
451,Mvuma,-19.2792,30.5283,60.94,48,6,4.32,ZW,2022-11-19 03:06:26
452,Am Timan,11.0297,20.2827,71.53,33,7,6.8,TD,2022-11-19 03:06:26
453,Antofagasta,-23.65,-70.4,63.68,84,29,1.39,CL,2022-11-19 03:06:26
454,Robertsport,6.7533,-11.3686,77.88,82,2,7.38,LR,2022-11-19 03:06:27
455,Jibuti,11.5,42.5,67.5,75,68,9.8,DJ,2022-11-19 03:06:27
456,Marzuq,14.4,46.4667,60.78,38,3,2.51,YE,2022-11-19 03:06:28
457,Livenka,50.4491,38.2959,18.23,94,100,7.54,RU,2022-11-19 03:06:28
458,Ishigaki,24.3448,124.1572,76.57,81,1,7.87,JP,2022-11-19 03:06:28
459,Omboue,-1.5746,9.2618,75.24,92,97,6.33,GA,2022-11-19 03:06:29
460,Den Helder,52.9599,4.7593,37.38,79,100,20.0,NL,2022-11-19 03:06:29
461,Newcastle,-32.9272,151.7765,78.49,65,7,8.05,AU,2022-11-19 03:05:18
462,Ostrovnoy,68.0531,39.5131,28.69,85,80,18.86,RU,2022-11-19 03:06:29
463,Kieta,-6.2167,155.6333,83.19,77,100,5.23,PG,2022-11-19 03:06:30
464,Arkhipo-Osipovka,44.37,38.52,61.12,74,100,22.62,RU,2022-11-19 03:06:30
465,Saint-Louis,16.3333,-15.0,76.48,12,0,8.81,SN,2022-11-19 03:06:30
466,Wanaka,-44.7,169.15,57.22,90,100,4.45,NZ,2022-11-19 03:06:30
467,Port Hawkesbury,45.6169,-61.3485,32.63,79,32,1.99,CA,2022-11-19 03:06:31
468,Xinyang,32.1228,114.0656,61.68,63,22,4.59,CN,2022-11-19 03:06:31
469,Vao,-22.6667,167.4833,72.25,69,95,11.7,NC,2022-11-19 03:06:31
470,Barabai,-2.5833,115.3833,84.4,65,100,3.27,ID,2022-11-19 03:06:31
471,Jardim,-21.4803,-56.1381,69.87,57,0,4.61,BR,2022-11-19 03:02:58
472,Doha,25.2867,51.5333,78.78,71,0,8.05,QA,2022-11-19 03:06:32
473,Pachino,36.7186,15.0907,66.97,86,65,8.19,IT,2022-11-19 03:06:32
474,Osakarovka,50.565,72.5692,12.67,87,97,3.89,KZ,2022-11-19 03:06:33
475,Middle Island,40.8843,-72.9373,40.84,68,100,14.97,US,2022-11-19 03:06:33
476,Malanville,11.8685,3.3899,72.12,32,78,6.13,BJ,2022-11-19 03:04:08
477,Okhotsk,59.3833,143.3,3.34,65,4,9.75,RU,2022-11-19 03:06:33
478,Penapolis,-21.4197,-50.0775,74.14,41,65,16.02,BR,2022-11-19 03:04:06
479,Poum,-20.2333,164.0167,76.77,75,100,18.92,NC,2022-11-19 03:06:34
480,Kloulklubed,7.0419,134.2556,82.9,75,100,9.69,PW,2022-11-19 03:06:34
481,Udachnyy,66.4167,112.4,-1.03,88,100,12.48,RU,2022-11-19 03:06:34
482,Oriximina,-1.7656,-55.8661,78.85,55,92,1.19,BR,2022-11-19 03:06:35
483,Mongo,12.1844,18.693,73.36,26,4,5.95,TD,2022-11-19 03:06:35
484,Korla,41.7597,86.1469,37.38,40,67,4.94,CN,2022-11-19 03:06:35
485,Guayaramerin,-10.8368,-65.3614,77.65,78,100,2.77,BO,2022-11-19 03:06:36
486,Iranshahr,27.2025,60.6848,69.55,50,100,1.3,IR,2022-11-19 03:06:36
487,Ruidoso,33.3317,-105.673,30.51,91,62,7.81,US,2022-11-19 03:06:36
488,Talakan,50.3167,130.3667,27.61,76,100,10.89,RU,2022-11-19 03:06:37
489,Xingyi,24.1877,102.817,65.03,67,27,3.38,CN,2022-11-19 03:06:37
490,Salinopolis,-0.6136,-47.3561,78.96,81,29,10.65,BR,2022-11-19 03:06:37
491,Lloydminster,53.2835,-110.0016,19.62,79,100,10.36,CA,2022-11-19 03:03:04
492,Jining,35.405,116.5814,60.44,58,41,5.44,CN,2022-11-19 03:04:46
493,Yamada,39.4667,141.95,53.4,46,26,8.61,JP,2022-11-19 03:06:38
494,Kholtoson,50.2981,103.3097,9.86,68,23,0.2,RU,2022-11-19 03:06:38
495,Aguililla,18.7333,-102.7333,67.06,85,41,5.06,MX,2022-11-19 03:07:38
496,Gravdal,68.1214,13.5031,41.14,55,4,5.44,NO,2022-11-19 03:07:39
497,Meulaboh,4.1363,96.1285,79.03,83,100,3.04,ID,2022-11-19 03:07:39
498,Dhidhdhoo,6.8833,73.1,81.84,71,83,5.53,MV,2022-11-19 03:07:39
499,Kindu,-2.95,25.95,66.67,99,100,1.48,CD,2022-11-19 03:07:40
500,Hudson Bay,52.85,-102.3842,10.06,85,93,8.86,CA,2022-11-19 03:07:40
501,Kavaratti,10.5669,72.642,81.5,56,92,5.37,IN,2022-11-19 03:07:41
502,Fairbanks,64.8378,-147.7164,12.6,86,100,0.0,US,2022-11-19 03:05:12
503,Zhigansk,66.7697,123.3711,-13.65,94,100,21.63,RU,2022-11-19 03:07:41
504,Sal Rei,16.1833,-22.9167,76.77,73,80,19.39,CV,2022-11-19 03:07:41
505,Umm Lajj,25.0213,37.2685,73.04,53,35,8.57,SA,2022-11-19 03:07:41
506,Velsk,61.0701,42.0983,15.6,96,91,5.46,RU,2022-11-19 03:07:42
507,Taltal,-25.4,-70.4833,61.88,86,3,1.14,CL,2022-11-19 03:07:42
508,Suntar,62.1444,117.6319,-3.8,88,73,7.96,RU,2022-11-19 03:07:42
509,Ridgecrest,35.6225,-117.6709,49.46,23,0,5.75,US,2022-11-19 03:07:43
510,Hami,42.8,93.45,37.22,41,98,4.99,CN,2022-11-19 03:07:43
511,Sola,-13.8833,167.55,82.04,71,23,7.27,VU,2022-11-19 03:07:43
512,Zaykovo,57.5613,62.7568,9.36,90,33,7.11,RU,2022-11-19 03:07:43
513,Tres Lagoas,-20.7511,-51.6783,77.79,38,0,13.69,BR,2022-11-19 03:07:44
514,Hukuntsi,-24.0,21.75,80.6,25,92,10.09,BW,2022-11-19 03:07:44
515,Ginir,7.1333,40.7,54.63,77,63,3.29,ET,2022-11-19 03:07:44
516,Tairua,-37.0167,175.85,67.08,80,28,14.05,NZ,2022-11-19 03:07:45
517,Vulcan,45.3833,23.2667,42.69,94,77,5.77,RO,2022-11-19 03:07:45
518,Baft,29.234,56.6057,48.76,62,100,2.71,IR,2022-11-19 03:07:45
519,Tando Adam,25.7637,68.661,73.67,66,12,5.7,PK,2022-11-19 03:07:46
520,Djambala,-2.5447,14.7533,64.31,97,100,2.01,CG,2022-11-19 03:07:46
521,Zwedru,6.0667,-8.1281,71.46,84,61,1.52,LR,2022-11-19 03:07:46
522,Schattdorf,46.8655,8.6547,44.42,94,100,1.97,CH,2022-11-19 03:07:47
523,Massakory,12.996,15.7293,72.68,20,99,10.11,TD,2022-11-19 03:07:47
524,Mezen,65.8522,44.24,19.92,98,80,3.96,RU,2022-11-19 03:07:47
525,Neon Karlovasion,37.7903,26.7044,69.91,84,18,13.67,GR,2022-11-19 03:07:48
526,Ulaangom,49.9811,92.0667,14.34,86,99,1.61,MN,2022-11-19 03:07:48
527,Lasem,-6.6922,111.4527,82.24,70,100,1.97,ID,2022-11-19 03:07:48
528,Ola,59.5833,151.2833,-1.86,71,5,4.14,RU,2022-11-19 03:07:49
529,Saint-Francois,46.4154,3.9054,38.68,100,100,2.3,FR,2022-11-19 03:07:49
530,Doda,33.1333,75.5667,58.33,52,100,3.02,IN,2022-11-19 03:07:49
531,Road Town,18.4167,-64.6167,80.69,73,3,22.59,VG,2022-11-19 03:07:50
532,Havoysund,70.9963,24.6622,35.83,65,100,10.11,NO,2022-11-19 03:07:50
533,Virginia Beach,36.8529,-75.978,44.02,65,0,6.91,US,2022-11-19 03:04:03
534,Big Spring,32.2504,-101.4787,32.45,89,100,16.11,US,2022-11-19 03:07:51
535,Bahia Honda,22.9036,-83.1592,75.54,86,98,12.68,CU,2022-11-19 03:07:51
536,Domat,46.8348,9.4508,42.08,86,99,1.19,CH,2022-11-19 03:07:51
537,Yar-Sale,66.8333,70.8333,-1.46,87,100,20.98,RU,2022-11-19 03:07:52
538,Xining,36.6167,101.7667,37.56,34,1,3.09,CN,2022-11-19 03:07:52
539,Molchanovo,57.5817,83.7692,-1.79,98,68,7.27,RU,2022-11-19 03:07:52
540,Moron,-34.6534,-58.6198,78.96,64,96,9.46,AR,2022-11-19 03:07:52
541,Smithers,54.7804,-127.1743,15.33,96,67,0.85,CA,2022-11-19 03:12:35
542,Tonj,7.2737,28.6822,71.6,44,83,3.8,SS,2022-11-19 03:12:35
543,Vila Franca Do Campo,37.7167,-25.4333,61.21,76,49,6.26,PT,2022-11-19 03:12:35
544,Cairns,-16.9167,145.7667,101.07,62,41,9.22,AU,2022-11-19 03:12:36
545,Semey,50.4111,80.2275,8.82,85,0,0.0,KZ,2022-11-19 03:12:36
546,Berlevag,70.8578,29.0864,41.0,55,100,17.27,NO,2022-11-19 03:12:37
